<annotation>
	<folder>images</folder>
	<filename>image_48.jpg</filename>
	<path>/home/rsa/tflite-mediapipe-main/images/image_48.jpg</path>
	<source>
		<database>Unknown</database>
	</source>
	<size>
		<width>640</width>
		<height>480</height>
		<depth>3</depth>
	</size>
	<segmented>0</segmented>
	<object>
		<name>node</name>
		<pose>Unspecified</pose>
		<truncated>0</truncated>
		<difficult>0</difficult>
		<bndbox>
			<xmin>44</xmin>
			<ymin>182</ymin>
			<xmax>122</xmax>
			<ymax>273</ymax>
		</bndbox>
	</object>
</annotation>
