<annotation>
	<folder>images</folder>
	<filename>image_19.jpg</filename>
	<path>/home/rsa/tflite-mediapipe-main/images/image_19.jpg</path>
	<source>
		<database>Unknown</database>
	</source>
	<size>
		<width>640</width>
		<height>480</height>
		<depth>3</depth>
	</size>
	<segmented>0</segmented>
	<object>
		<name>node</name>
		<pose>Unspecified</pose>
		<truncated>0</truncated>
		<difficult>0</difficult>
		<bndbox>
			<xmin>229</xmin>
			<ymin>91</ymin>
			<xmax>338</xmax>
			<ymax>203</ymax>
		</bndbox>
	</object>
</annotation>
